{
    "loss": 0.1545892357826233,
    "accuracy": 0.9568345546722412
}