{
    "loss": 0.2136232852935791,
    "accuracy": 0.9568345546722412
}